[
  {
    "userID": "509484270",
    "count": 261,
    "name": "Vũ Tấn Dũng"
  },
  {
    "userID": "709145693",
    "count": 7,
    "name": "Võ Hoàng Quý"
  },
  {
    "userID": "1153327407",
    "count": 10,
    "name": "Nguyen  Quoc Hung ☑√✔✓✅󱙄󱢏"
  },
  {
    "userID": "61551251459640",
    "count": 22,
    "name": "Gấu"
  },
  {
    "userID": "61552500791337",
    "count": 4,
    "name": "Nguyễn Thành Long"
  },
  {
    "userID": "61552799013338",
    "count": 11,
    "name": "Nguyen Duy Tuan iu gai lul mup"
  },
  {
    "userID": "61553155932204",
    "count": 0,
    "name": "Ly Hoang Khang"
  },
  {
    "userID": "61554942840114",
    "count": 13,
    "name": "Vũ Tấn Dũng"
  },
  {
    "userID": "61555544864778",
    "count": 0,
    "name": "Quách Ngọc Hà"
  },
  {
    "userID": "61555631507091",
    "count": 10,
    "name": "Bùi Công Đức"
  },
  {
    "userID": "61555731088473",
    "count": 0,
    "name": "Nguyễn Linh"
  },
  {
    "userID": "61555989423829",
    "count": 0,
    "name": "Người dùng Facebook"
  },
  {
    "userID": "61555996859615",
    "count": 0,
    "name": "Đặng Lịnh"
  },
  {
    "userID": "100000732833159",
    "count": 3,
    "name": "Nông Thái Thuận"
  },
  {
    "userID": "100004458484369",
    "count": 11,
    "name": "Lê Tuấn Vỹ 🧸💤"
  },
  {
    "userID": "100008522174196",
    "count": 0,
    "name": "Nguyễn Văn Thịnh"
  },
  {
    "userID": "100011082583640",
    "count": 0,
    "name": "Vănn Thuậnn"
  },
  {
    "userID": "100011422572422",
    "count": 0,
    "name": "Nguyễn Quốc Hưng"
  },
  {
    "userID": "100027187763993",
    "count": 12,
    "name": "Vũ Thành Trung"
  },
  {
    "userID": "100029378752728",
    "count": 2,
    "name": "Unknown"
  },
  {
    "userID": "100031845708228",
    "count": 121,
    "name": "Nguyễn Đinh Tiến Dũng"
  },
  {
    "userID": "100035421814099",
    "count": 0,
    "name": "𝑻𝒅𝒖𝒏𝒈 𓆉"
  },
  {
    "userID": "100038780015811",
    "count": 63,
    "name": "Nguyễn Thị Kim Hiền"
  },
  {
    "userID": "100041600164073",
    "count": 10,
    "name": "Dang Danh ✓"
  },
  {
    "userID": "100042575622073",
    "count": 0,
    "name": "𝐍𝐠𝐮𝐲𝐞̂̃𝐧 𝐕𝐢𝐞̂́𝐭 𝐓𝐮́"
  },
  {
    "userID": "100048033791608",
    "count": 0,
    "name": "Le Khanh Duy "
  },
  {
    "userID": "100048593391564",
    "count": 0,
    "name": "Lê Đức Chính"
  },
  {
    "userID": "100051241563318",
    "count": 13,
    "name": "Phùng Tuệ Minh"
  },
  {
    "userID": "100053568250530",
    "count": 0,
    "name": "Trần Minh Lâm"
  },
  {
    "userID": "100053800224181",
    "count": 0,
    "name": "Nguyễn Thanh Phúc"
  },
  {
    "userID": "100056101540630",
    "count": 0,
    "name": "Hưng Culer's"
  },
  {
    "userID": "100056385116028",
    "count": 0,
    "name": "Thịnh"
  },
  {
    "userID": "100061160525111",
    "count": 59,
    "name": "Cường Thịnh ☁️"
  },
  {
    "userID": "100067508386723",
    "count": 45,
    "name": "Phạm Hữu Tài"
  },
  {
    "userID": "100067655090795",
    "count": 1,
    "name": "Huỳnh Quang Duy"
  },
  {
    "userID": "100068310261131",
    "count": 15,
    "name": "Văn Thuận"
  },
  {
    "userID": "100069864945865",
    "count": 3,
    "name": "Đặng Văn Lịnh"
  },
  {
    "userID": "100074224563535",
    "count": 12,
    "name": "Bui Cong Duc"
  },
  {
    "userID": "100075940538217",
    "count": 0,
    "name": "Người dùng Facebook"
  },
  {
    "userID": "100077014194257",
    "count": 13,
    "name": "Tuệ Minh"
  },
  {
    "userID": "100077256660549",
    "count": 15,
    "name": "하니은주"
  },
  {
    "userID": "100077980504363",
    "count": 22,
    "name": "Hoàng Quyết Tiến"
  },
  {
    "userID": "100078168302063",
    "count": 0,
    "name": "Thanh Ther"
  },
  {
    "userID": "100079480104599",
    "count": 0,
    "name": "Haitani Hanna"
  },
  {
    "userID": "100079827743922",
    "count": 30,
    "name": "Cao Tiến Thành"
  },
  {
    "userID": "100080348504563",
    "count": 0,
    "name": "Duc Duy"
  },
  {
    "userID": "100083205727767",
    "count": 3,
    "name": "Văn Tài 🧸💤 "
  },
  {
    "userID": "100083502499869",
    "count": 2,
    "name": "Khánh Tpngan"
  },
  {
    "userID": "100085342716116",
    "count": 15,
    "name": "Cẩm Giang"
  },
  {
    "userID": "100088737923043",
    "count": 0,
    "name": "Duy"
  },
  {
    "userID": "100088817988946",
    "count": 3,
    "name": "Lâm Hoàng Khang"
  },
  {
    "userID": "100089352882349",
    "count": 64,
    "name": "Nguyễn Thị Kim Hiền"
  },
  {
    "userID": "100090511285969",
    "count": 16,
    "name": "Nguyen Hieu"
  },
  {
    "userID": "100092744481406",
    "count": 0,
    "name": "Ng Huy"
  },
  {
    "userID": "100094302290173",
    "count": 9,
    "name": "Nguyễn Cường Thịnh "
  },
  {
    "userID": "100061172506707",
    "count": 0,
    "name": "Cẩm Giang"
  },
  {
    "userID": "100060894693968",
    "count": 59,
    "name": "Lê Minh Tiến"
  },
  {
    "userID": "100088266109751",
    "count": 17,
    "name": "Bảo An"
  },
  {
    "userID": "100000513902362",
    "count": 2,
    "name": "Nguyễn Đinh Tiến Dũng"
  },
  {
    "userID": "100007653399051",
    "count": 12,
    "name": "🎃 Lê Minh  Tiến 👾"
  },
  {
    "userID": "593146350",
    "count": 0,
    "name": "Trần Hoàng Anh"
  },
  {
    "userID": "666896678",
    "count": 0,
    "name": "𝙎𝙖𝙙𝙗𝙤𝙞𝙯 𝙃𝙖𝙞 𝙈𝙖́𝙞"
  },
  {
    "userID": "1831058374",
    "count": 0,
    "name": "Mẫn Kiều Linh"
  },
  {
    "userID": "61554102537426",
    "count": 0,
    "name": "𓆩𓂄𑁍𓂁𓆪 Ken Chào Các Ní Tao Là Vo Chi KNguyen Trùm Trong Làng Rename Facebook Với Pháp Danh Vua Mõm Tiktok Cụ Tổ Bảo Kê Phây Búc Mấy Thằng Nhóc Lóc Chóc Chơi Phây Búc Phải Hỏi Ý Kiến Của Tao KenNguyện Chưa Ngán Ai Bao Giờ Đụng Là Chơi Đến Là Chém Giỏi Thì Solo Phi Phai Với Tao Tao Là Ác Quỷ Fe Fe𓂄𓆩𑁍𓆪𓂁Mà Vì Lòng Thương Lắm Ngậm Ngùi𓃠 Mình Tôi Gánh Phiền Lo𓃹 Thương Chẳng Thể Buông𓃢 Em Có "
  },
  {
    "userID": "61554394404659",
    "count": 1,
    "name": "Vương Thiên Bảo"
  },
  {
    "userID": "61555382073791",
    "count": 0,
    "name": "Quang Aomo"
  },
  {
    "userID": "61555888225858",
    "count": 5,
    "name": "Singu Bot"
  },
  {
    "userID": "100014615861042",
    "count": 0,
    "name": "Phạm Văn Hòa"
  },
  {
    "userID": "100041183227239",
    "count": 0,
    "name": "Thái Thịnh"
  },
  {
    "userID": "100052939611895",
    "count": 0,
    "name": "Nguyễn Thành"
  },
  {
    "userID": "100069091017023",
    "count": 1,
    "name": "Long Lỏ"
  },
  {
    "userID": "100073311773326",
    "count": 0,
    "name": "Duck Hauj"
  },
  {
    "userID": "100074293234284",
    "count": 1,
    "name": "Singu　Hạnh　Phúc　Có　Thể　Bỏ　Rơi Anh　Mà　Đi　Thật　Xa"
  },
  {
    "userID": "100083174347639",
    "count": 0,
    "name": "Nguyễn Đức Bình✅"
  },
  {
    "userID": "100085073240621",
    "count": 1,
    "name": "Dang Gia Khanh"
  },
  {
    "userID": "100090295007833",
    "count": 0,
    "name": "Thuỳ Vân"
  },
  {
    "userID": "61550213211481",
    "count": 0,
    "name": "Thanh Ngọc"
  },
  {
    "userID": "100002670454325",
    "count": 5,
    "name": "Eva Bártová"
  }
]
