[
    {
      "Name": "Dân Làng",
      "Type": "Dân",
      "Description": "Dân làng cùng với những người có chức năng tìm cách lập luận và suy đoán ra đâu là Sói đang ẩn mình dưới lớp người",
      "File": "/Trò-chơi/masoi/DanLang.png"
    },
    {
      "Name": "Tiên Tri",
      "Type": "Dân",
      "Description": "Mỗi đêm, Nhà tiên tri sẽ chọn 1 người chơi để đoán phe",
      "File": "/Trò-chơi/masoi/TienTri.png"
    },
    {
      "Name": "Bảo Vệ",
      "Type": "Dân",
      "Description": "Mỗi đêm, Bảo Vệ sẽ chọn một người bất kì để bảo vệ, nếu người đó bị Sói cắn, sẽ không bị chết vào sáng hôm sau",
      "File": "/Trò-chơi/masoi/BaoVe.png"
    },
    {
      "Name": "Thợ Săn",
      "Type": "Dân",
      "Description": "Mỗi đêm, Thợ săn cũng sẽ được gọi dậy và chọn 1 người chơi để 'bắn'. Trong trường hợp Thợ săn bị Ma sói cắn chết, người được Thợ săn lựa chọn cũng sẽ chết theo.  Nếu người mà Thợ Săn chọn chết trong đêm thì Thợ Săn sẽ không chết theo. Nếu Thợ săn bị treo cổ vào ban ngày thì có quyền chọn 1 người để cùng bị treo cổ chung.",
      "File": "/Trò-chơi/masoi/ThoSan.png"
    },
    {
      "Name": "Phù Thủy",
      "Type": "Dân",
      "Description": "Nhân vật này sở hữu 2 lọ thuốc, 1 lọ dùng cứu người và 1 lọ dùng để giết người. Ban đêm, Phù Thủy được gọi dậy và Quản trò sẽ chỉ ra ai là người bị Ma sói cắn, Phù Thủy có quyền chọn cứu người đó hoặc không. Ngoài ra, Phù thủy có thể dùng lọ thuốc độc để giết chết người mà mình nghi là Ma sói.\n\nCó thể sử dụng 1 lúc cả 2 lọ thuốc, khi đó tác dụng của thuốc sẽ mất. Một khi đã dùng bình thì Phù Thủy sẽ mất đi chức năng tương ứng, tuy nhiên vẫn được gọi dậy mỗi đêm và biết ai chết.",
      "File": "/Trò-chơi/masoi/PhuThuy.png"
    },
    {
      "Name": "Cupid: Thần tình yêu",
      "Type": "Dân",
      "Description": "Có chức năng ghép đôi 2 người bất kỳ với nhau. Đầu mỗi ván chơi, Cupid sẽ được gọi dậy và chọn ra hai người yêu nhau. Cupid sau đó nhắm mắt lại và hai người yêu nhau sẽ được Quản Trò gọi dậy để biết mặt và Vai Trò của nhau. Nếu hai người thuộc hai phe khác nhau (Sói vs Dân) thì họ thành phe thứ 3 với nhiệm vụ là hai người cuối cùng sống sót.Trong trường hợp, có 1 trong 2 người được ghép đôi bị chết thì người còn lại cũng phải chết chung. Thần tình yêu có thể tự ghép đôi cho chính mình.",
      "File": "/Trò-chơi/masoi/Cupid.png"
    },
    {
      "Name": "Già Làng",
      "Type": "Dân",
      "Description": "Đây có thể coi là Trùm cuối ở phe Dân làng và mọi người phải ra sức bảo vệ nhân vật này. Già Làng có hai mạng khi bị Ma sói cắn. Tuy nhiên, nếu bị treo cổ, bị Thợ Săn bắn hoặc bị Phù Thủy giết thì Già Làng vẫn chết ngay lập tức. Khi Già Làng chết, tất cả các vai trò đặc biệt trừ Thợ Săn đều bị mất chức năng.",
      "File": "/Trò-chơi/masoi/GiaLang.png"
    },
    {
      "Name": "Cô Bé",
      "Type": "Dân",
      "Description": "Đây là một quân bài rất quan trọng. Người chơi này sẽ phát huy được chức năng của mình trong đêm thứ hai kể từ khi trò chơi bắt đầu. Quản trò sẽ gọi sói dậy, cô gái có quyền mắt hí để nhận biết xem ai là sói. Nhưng phải thật khéo léo vì nếu để sói phát hiện ra sói sẽ giết chết bạn ngay.",
      "File": "/Trò-chơi/masoi/CoBe.png"
    },
    {
      "Name": "Cảnh sát trưởng",
      "Type": "Dân",
      "Description": "Bất kì người chơi nào cũng có thể nhận được lá bài này ngoài lá bài hiện tại họ đang giữ. Cảnh sát trưởng được chọn nhờ vào sự bỏ phiếu của mọi người. Khi mọi người bỏ phiếu treo giàn thì phiếu của Cảnh sát trưởng sẽ được tính là 2 phiếu thay vì 1. Nếu Cảnh sát trưởng chết, người chơi đó có quyền chuyển quyền làm Cảnh sát trưởng cho bất kì ai.",
      "File": "/Trò-chơi/masoi/CanhSatTruong.png"
    },
    {
      "Name": "Sói thường",
      "Type": "Ma Sói",
      "Description": "Mỗi đêm, Sói sẽ chọn 1 dân làng để giết",
      "File": "/Trò-chơi/masoi/SoiThuong.png"
    },
    {
      "Name": "Sói con",
      "Type": "Ma Sói",
      "Description": "Giống Sói thường, nhưng khi Sói con chết, đêm hôm sau Sói sẽ được cắn hai người liên tục.",
      "File": "/Trò-chơi/masoi/SoiCon.png"
    }
  ]