{
	"Language": "vi",
	"PreKey": "",
	"AutoUpdate": true,
	"MainColor": "#00FFFF",
	"MainName": "『 Vtuan 』",
	"Uptime": false,
	"Config": "default",
	"DevMode": false,
	"Login2Fa": false,
	"AutoLogin": false,
	"BroadCast": true,
	"AuthString": "",
	"EncryptFeature": false,
	"ResetDataLogin": false,
	"AutoInstallNode": false,
	"AntiSendAppState": true,
	"AutoRestartMinutes": 0,
	"RestartMQTT_Minutes": 0,
	"Websocket_Extension": {
		"Status": false,
		"ResetData": false,
		"AppState_Path": "appstate.json"
	},
	"HTML": {
		"HTML": false,
		"UserName": "Guest",
		"MusicLink": ""
	},
	"AntiGetInfo": {
		"Database_Type": "default",
		"AntiGetThreadInfo": true,
		"AntiGetUserInfo": true
	},
	"Stable_Version": {
		"Accept": false,
		"Version": ""
	}
}